Nama buku,Harga buku,Gambar buku,Link buku
A Light in the ...,£51.77,https://books.toscrape.com/media/cache/2c/da/2cdad67c44b002e7ead0cc35693c0e8b.jpg,https://books.toscrape.com/cataloguea-light-in-the-attic_1000/index.html
Tipping the Velvet,£53.74,https://books.toscrape.com/media/cache/26/0c/260c6ae16bce31c8f8c95daddd9f4a1c.jpg,https://books.toscrape.com/cataloguetipping-the-velvet_999/index.html
Soumission,£50.10,https://books.toscrape.com/media/cache/3e/ef/3eef99c9d9adef34639f510662022830.jpg,https://books.toscrape.com/cataloguesoumission_998/index.html
Sharp Objects,£47.82,https://books.toscrape.com/media/cache/32/51/3251cf3a3412f53f339e42cac2134093.jpg,https://books.toscrape.com/cataloguesharp-objects_997/index.html
Sapiens: A Brief History ...,£54.23,https://books.toscrape.com/media/cache/be/a5/bea5697f2534a2f86a3ef27b5a8c12a6.jpg,https://books.toscrape.com/cataloguesapiens-a-brief-history-of-humankind_996/index.html
The Requiem Red,£22.65,https://books.toscrape.com/media/cache/68/33/68339b4c9bc034267e1da611ab3b34f8.jpg,https://books.toscrape.com/cataloguethe-requiem-red_995/index.html
The Dirty Little Secrets ...,£33.34,https://books.toscrape.com/media/cache/92/27/92274a95b7c251fea59a2b8a78275ab4.jpg,https://books.toscrape.com/cataloguethe-dirty-little-secrets-of-getting-your-dream-job_994/index.html
The Coming Woman: A ...,£17.93,https://books.toscrape.com/media/cache/3d/54/3d54940e57e662c4dd1f3ff00c78cc64.jpg,https://books.toscrape.com/cataloguethe-coming-woman-a-novel-based-on-the-life-of-the-infamous-feminist-victoria-woodhull_993/index.html
The Boys in the ...,£22.60,https://books.toscrape.com/media/cache/66/88/66883b91f6804b2323c8369331cb7dd1.jpg,https://books.toscrape.com/cataloguethe-boys-in-the-boat-nine-americans-and-their-epic-quest-for-gold-at-the-1936-berlin-olympics_992/index.html
The Black Maria,£52.15,https://books.toscrape.com/media/cache/58/46/5846057e28022268153beff6d352b06c.jpg,https://books.toscrape.com/cataloguethe-black-maria_991/index.html
Starving Hearts (Triangular Trade ...,£13.99,https://books.toscrape.com/media/cache/be/f4/bef44da28c98f905a3ebec0b87be8530.jpg,https://books.toscrape.com/cataloguestarving-hearts-triangular-trade-trilogy-1_990/index.html
Shakespeare's Sonnets,£20.66,https://books.toscrape.com/media/cache/10/48/1048f63d3b5061cd2f424d20b3f9b666.jpg,https://books.toscrape.com/catalogueshakespeares-sonnets_989/index.html
Set Me Free,£17.46,https://books.toscrape.com/media/cache/5b/88/5b88c52633f53cacf162c15f4f823153.jpg,https://books.toscrape.com/catalogueset-me-free_988/index.html
Scott Pilgrim's Precious Little ...,£52.29,https://books.toscrape.com/media/cache/94/b1/94b1b8b244bce9677c2f29ccc890d4d2.jpg,https://books.toscrape.com/cataloguescott-pilgrims-precious-little-life-scott-pilgrim-1_987/index.html
Rip it Up and ...,£35.02,https://books.toscrape.com/media/cache/81/c4/81c4a973364e17d01f217e1188253d5e.jpg,https://books.toscrape.com/cataloguerip-it-up-and-start-again_986/index.html
Our Band Could Be ...,£57.25,https://books.toscrape.com/media/cache/54/60/54607fe8945897cdcced0044103b10b6.jpg,https://books.toscrape.com/catalogueour-band-could-be-your-life-scenes-from-the-american-indie-underground-1981-1991_985/index.html
Olio,£23.88,https://books.toscrape.com/media/cache/55/33/553310a7162dfbc2c6d19a84da0df9e1.jpg,https://books.toscrape.com/catalogueolio_984/index.html
Mesaerion: The Best Science ...,£37.59,https://books.toscrape.com/media/cache/09/a3/09a3aef48557576e1a85ba7efea8ecb7.jpg,https://books.toscrape.com/cataloguemesaerion-the-best-science-fiction-stories-1800-1849_983/index.html
Libertarianism for Beginners,£51.33,https://books.toscrape.com/media/cache/0b/bc/0bbcd0a6f4bcd81ccb1049a52736406e.jpg,https://books.toscrape.com/cataloguelibertarianism-for-beginners_982/index.html
It's Only the Himalayas,£45.17,https://books.toscrape.com/media/cache/27/a5/27a53d0bb95bdd88288eaf66c9230d7e.jpg,https://books.toscrape.com/catalogueits-only-the-himalayas_981/index.html
In Her Wake,£12.84,https://books.toscrape.com/media/cache/5d/72/5d72709c6a7a9584a4d1cf07648bfce1.jpg,https://books.toscrape.com/cataloguein-her-wake_980/index.html
How Music Works,£37.32,https://books.toscrape.com/media/cache/5c/c8/5cc8e107246cb478960d4f0aba1e1c8e.jpg,https://books.toscrape.com/cataloguehow-music-works_979/index.html
Foolproof Preserving: A Guide ...,£30.52,https://books.toscrape.com/media/cache/9f/59/9f59f01fa916a7bb8f0b28a4012179a4.jpg,https://books.toscrape.com/cataloguefoolproof-preserving-a-guide-to-small-batch-jams-jellies-pickles-condiments-and-more-a-foolproof-guide-to-making-small-batch-jams-jellies-pickles-condiments-and-more_978/index.html
Chase Me (Paris Nights ...,£25.27,https://books.toscrape.com/media/cache/9c/2e/9c2e0eb8866b8e3f3b768994fd3d1c1a.jpg,https://books.toscrape.com/cataloguechase-me-paris-nights-2_977/index.html
Black Dust,£34.53,https://books.toscrape.com/media/cache/44/cc/44ccc99c8f82c33d4f9d2afa4ef25787.jpg,https://books.toscrape.com/catalogueblack-dust_976/index.html
Birdsong: A Story in ...,£54.64,https://books.toscrape.com/media/cache/af/6e/af6e796160fe63e0cf19d44395c7ddf2.jpg,https://books.toscrape.com/cataloguebirdsong-a-story-in-pictures_975/index.html
America's Cradle of Quarterbacks: ...,£22.50,https://books.toscrape.com/media/cache/ef/0b/ef0bed08de4e083dba5e20fdb98d9c36.jpg,https://books.toscrape.com/catalogueamericas-cradle-of-quarterbacks-western-pennsylvanias-football-factory-from-johnny-unitas-to-joe-montana_974/index.html
Aladdin and His Wonderful ...,£53.13,https://books.toscrape.com/media/cache/d6/da/d6da0371958068bbaf39ea9c174275cd.jpg,https://books.toscrape.com/cataloguealaddin-and-his-wonderful-lamp_973/index.html
Worlds Elsewhere: Journeys Around ...,£40.30,https://books.toscrape.com/media/cache/2e/98/2e98c332bf8563b584784971541c4445.jpg,https://books.toscrape.com/catalogueworlds-elsewhere-journeys-around-shakespeares-globe_972/index.html
Wall and Piece,£44.18,https://books.toscrape.com/media/cache/a5/41/a5416b9646aaa7287baa287ec2590270.jpg,https://books.toscrape.com/cataloguewall-and-piece_971/index.html
The Four Agreements: A ...,£17.66,https://books.toscrape.com/media/cache/0f/7e/0f7ee69495c0df1d35723f012624a9f8.jpg,https://books.toscrape.com/cataloguethe-four-agreements-a-practical-guide-to-personal-freedom_970/index.html
The Five Love Languages: ...,£31.05,https://books.toscrape.com/media/cache/38/c5/38c56fba316c07305643a8065269594e.jpg,https://books.toscrape.com/cataloguethe-five-love-languages-how-to-express-heartfelt-commitment-to-your-mate_969/index.html
The Elephant Tree,£23.82,https://books.toscrape.com/media/cache/5d/7e/5d7ecde8e81513eba8a64c9fe000744b.jpg,https://books.toscrape.com/cataloguethe-elephant-tree_968/index.html
The Bear and the ...,£36.89,https://books.toscrape.com/media/cache/cf/bb/cfbb5e62715c6d888fd07794c9bab5d6.jpg,https://books.toscrape.com/cataloguethe-bear-and-the-piano_967/index.html
Sophie's World,£15.94,https://books.toscrape.com/media/cache/65/71/6571919836ec51ed54f0050c31d8a0cd.jpg,https://books.toscrape.com/cataloguesophies-world_966/index.html
Penny Maybe,£33.29,https://books.toscrape.com/media/cache/12/53/1253c21c5ef3c6d075c5fa3f5fecee6a.jpg,https://books.toscrape.com/cataloguepenny-maybe_965/index.html
Maude (1883-1993):She Grew Up ...,£18.02,https://books.toscrape.com/media/cache/f5/88/f5889d038f5d8e949b494d147c2dcf54.jpg,https://books.toscrape.com/cataloguemaude-1883-1993she-grew-up-with-the-country_964/index.html
"In a Dark, Dark ...",£19.63,https://books.toscrape.com/media/cache/23/85/238570a1c284e730dbc737a7e631ae2b.jpg,https://books.toscrape.com/cataloguein-a-dark-dark-wood_963/index.html
Behind Closed Doors,£52.22,https://books.toscrape.com/media/cache/e1/5c/e15c289ba58cea38519e1281e859f0c1.jpg,https://books.toscrape.com/cataloguebehind-closed-doors_962/index.html
You can't bury them ...,£33.63,https://books.toscrape.com/media/cache/e9/20/e9203b733126c4a0832a1c7885dc27cf.jpg,https://books.toscrape.com/catalogueyou-cant-bury-them-all-poems_961/index.html
Slow States of Collapse: ...,£57.31,https://books.toscrape.com/media/cache/72/41/72417db983862010ef0c1a25de98c7d7.jpg,https://books.toscrape.com/catalogueslow-states-of-collapse-poems_960/index.html
Reasons to Stay Alive,£26.41,https://books.toscrape.com/media/cache/cb/bd/cbbdb0222ee8a0f6ab61657412a15794.jpg,https://books.toscrape.com/cataloguereasons-to-stay-alive_959/index.html
Private Paris (Private #10),£47.61,https://books.toscrape.com/media/cache/9d/05/9d0533bae1578846d728a82913b95c26.jpg,https://books.toscrape.com/catalogueprivate-paris-private-10_958/index.html
#HigherSelfie: Wake Up Your ...,£23.11,https://books.toscrape.com/media/cache/9c/46/9c463c7631c82401160fd3b554b8f0e1.jpg,https://books.toscrape.com/cataloguehigherselfie-wake-up-your-life-free-your-soul-find-your-tribe_957/index.html
Without Borders (Wanderlove #1),£45.07,https://books.toscrape.com/media/cache/24/e2/24e2f5c9d325c4004d8190c054da86dd.jpg,https://books.toscrape.com/cataloguewithout-borders-wanderlove-1_956/index.html
When We Collided,£31.77,https://books.toscrape.com/media/cache/08/04/08044269fc197645268a6197c57e6173.jpg,https://books.toscrape.com/cataloguewhen-we-collided_955/index.html
"We Love You, Charlie ...",£50.27,https://books.toscrape.com/media/cache/5f/15/5f152afdbc42356ecba02f61058a7e5b.jpg,https://books.toscrape.com/cataloguewe-love-you-charlie-freeman_954/index.html
Untitled Collection: Sabbath Poems ...,£14.27,https://books.toscrape.com/media/cache/f9/3b/f93b4a650f03a5d21f2436d7813f42c2.jpg,https://books.toscrape.com/catalogueuntitled-collection-sabbath-poems-2014_953/index.html
Unseen City: The Majesty ...,£44.18,https://books.toscrape.com/media/cache/41/a2/41a20f35adf0caea24f208dc01ad7681.jpg,https://books.toscrape.com/catalogueunseen-city-the-majesty-of-pigeons-the-discreet-charm-of-snails-other-wonders-of-the-urban-wilderness_952/index.html
Unicorn Tracks,£18.78,https://books.toscrape.com/media/cache/76/8e/768ea5924ac1ef6297c2be9959c796c2.jpg,https://books.toscrape.com/catalogueunicorn-tracks_951/index.html
Unbound: How Eight Technologies ...,£25.52,https://books.toscrape.com/media/cache/4a/3b/4a3b055f9e378a95fedbef55e7bab7ce.jpg,https://books.toscrape.com/catalogueunbound-how-eight-technologies-made-us-human-transformed-society-and-brought-our-world-to-the-brink_950/index.html
Tsubasa: WoRLD CHRoNiCLE 2 ...,£16.28,https://books.toscrape.com/media/cache/36/df/36df4caaf1420b1183a8235355d39e69.jpg,https://books.toscrape.com/cataloguetsubasa-world-chronicle-2-tsubasa-world-chronicle-2_949/index.html
Throwing Rocks at the ...,£31.12,https://books.toscrape.com/media/cache/03/86/038650c9e7517b4baf2a423cd8eed38f.jpg,https://books.toscrape.com/cataloguethrowing-rocks-at-the-google-bus-how-growth-became-the-enemy-of-prosperity_948/index.html
This One Summer,£19.49,https://books.toscrape.com/media/cache/c4/dd/c4ddd9ced89966b0602ec85e00cd5b61.jpg,https://books.toscrape.com/cataloguethis-one-summer_947/index.html
Thirst,£17.27,https://books.toscrape.com/media/cache/c4/0a/c40a64f59e7487b1a80a049f6ceb2ba5.jpg,https://books.toscrape.com/cataloguethirst_946/index.html
The Torch Is Passed: ...,£19.09,https://books.toscrape.com/media/cache/33/e5/33e507172541628acfd421503196b578.jpg,https://books.toscrape.com/cataloguethe-torch-is-passed-a-harding-family-story_945/index.html
The Secret of Dreadwillow ...,£56.13,https://books.toscrape.com/media/cache/c4/a2/c4a2a1a026c67bcceb5a411c724d7d0c.jpg,https://books.toscrape.com/cataloguethe-secret-of-dreadwillow-carse_944/index.html
The Pioneer Woman Cooks: ...,£56.41,https://books.toscrape.com/media/cache/b7/f4/b7f4843dbe062d44be1ffcfa16b2faa4.jpg,https://books.toscrape.com/cataloguethe-pioneer-woman-cooks-dinnertime-comfort-classics-freezer-food-16-minute-meals-and-other-delicious-ways-to-solve-supper_943/index.html
The Past Never Ends,£56.50,https://books.toscrape.com/media/cache/89/b8/89b850edb01851a91f64ba114b96acb6.jpg,https://books.toscrape.com/cataloguethe-past-never-ends_942/index.html
The Natural History of ...,£45.22,https://books.toscrape.com/media/cache/5d/7f/5d7f496cdf5e5962a73ecdcc1505c1d5.jpg,https://books.toscrape.com/cataloguethe-natural-history-of-us-the-fine-art-of-pretending-2_941/index.html
The Nameless City (The ...,£38.16,https://books.toscrape.com/media/cache/f4/79/f479de5f305c2ac0512702cf7155bb74.jpg,https://books.toscrape.com/cataloguethe-nameless-city-the-nameless-city-1_940/index.html
The Murder That Never ...,£54.11,https://books.toscrape.com/media/cache/dc/44/dc44f8e2aebac48ca8553814d9b021a8.jpg,https://books.toscrape.com/cataloguethe-murder-that-never-was-forensic-instincts-5_939/index.html
The Most Perfect Thing: ...,£42.96,https://books.toscrape.com/media/cache/d4/8d/d48d5122a15347e9fe2b15ad354d69bf.jpg,https://books.toscrape.com/cataloguethe-most-perfect-thing-inside-and-outside-a-birds-egg_938/index.html
The Mindfulness and Acceptance ...,£23.89,https://books.toscrape.com/media/cache/f8/6d/f86d08178e3788563ac17be5aefd29f0.jpg,https://books.toscrape.com/cataloguethe-mindfulness-and-acceptance-workbook-for-anxiety-a-guide-to-breaking-free-from-anxiety-phobias-and-worry-using-acceptance-and-commitment-therapy_937/index.html
The Life-Changing Magic of ...,£16.77,https://books.toscrape.com/media/cache/95/64/95647d6a526bf54120b9445e124794e1.jpg,https://books.toscrape.com/cataloguethe-life-changing-magic-of-tidying-up-the-japanese-art-of-decluttering-and-organizing_936/index.html
The Inefficiency Assassin: Time ...,£20.59,https://books.toscrape.com/media/cache/75/dc/75dce2f5949b407161f37f0af249b018.jpg,https://books.toscrape.com/cataloguethe-inefficiency-assassin-time-management-tactics-for-working-smarter-not-longer_935/index.html
The Gutsy Girl: Escapades ...,£37.13,https://books.toscrape.com/media/cache/64/15/641570cd7e7aded53c7d33d78a9629f1.jpg,https://books.toscrape.com/cataloguethe-gutsy-girl-escapades-for-your-life-of-epic-adventure_934/index.html
The Electric Pencil: Drawings ...,£56.06,https://books.toscrape.com/media/cache/2e/23/2e236e23ad52aa74505f224f6552eda8.jpg,https://books.toscrape.com/cataloguethe-electric-pencil-drawings-from-inside-state-hospital-no-3_933/index.html
The Death of Humanity: ...,£58.11,https://books.toscrape.com/media/cache/71/df/71df730cf38c232ee58a2e407135f055.jpg,https://books.toscrape.com/cataloguethe-death-of-humanity-and-the-case-for-life_932/index.html
The Bulletproof Diet: Lose ...,£49.05,https://books.toscrape.com/media/cache/ee/3e/ee3e219d23e73ba71c79b700f183aaed.jpg,https://books.toscrape.com/cataloguethe-bulletproof-diet-lose-up-to-a-pound-a-day-reclaim-energy-and-focus-upgrade-your-life_931/index.html
The Art Forger,£40.76,https://books.toscrape.com/media/cache/70/fa/70fa6c0437d9c97dbeada6bd32bf9d2c.jpg,https://books.toscrape.com/cataloguethe-art-forger_930/index.html
The Age of Genius: ...,£19.73,https://books.toscrape.com/media/cache/2d/4e/2d4e358712e6c9f1d3bdd78d1a16e5a8.jpg,https://books.toscrape.com/cataloguethe-age-of-genius-the-seventeenth-century-and-the-birth-of-the-modern-mind_929/index.html
The Activist's Tao Te ...,£32.24,https://books.toscrape.com/media/cache/96/db/96db61bb53930c560fb4c1c62b583816.jpg,https://books.toscrape.com/cataloguethe-activists-tao-te-ching-ancient-advice-for-a-modern-revolution_928/index.html
Spark Joy: An Illustrated ...,£41.83,https://books.toscrape.com/media/cache/f3/4f/f34ffb24cc21c9f9f52dad4fd8f3ac21.jpg,https://books.toscrape.com/cataloguespark-joy-an-illustrated-master-class-on-the-art-of-organizing-and-tidying-up_927/index.html
Soul Reader,£39.58,https://books.toscrape.com/media/cache/69/85/69852567cf97264a1442cbc882c84903.jpg,https://books.toscrape.com/cataloguesoul-reader_926/index.html
Security,£39.25,https://books.toscrape.com/media/cache/da/df/dadfac66a89774b46b10225362724c83.jpg,https://books.toscrape.com/cataloguesecurity_925/index.html
"Saga, Volume 6 (Saga ...",£25.02,https://books.toscrape.com/media/cache/43/ae/43aee83ebb31e2122a7215e413770e5c.jpg,https://books.toscrape.com/cataloguesaga-volume-6-saga-collected-editions-6_924/index.html
"Saga, Volume 5 (Saga ...",£51.04,https://books.toscrape.com/media/cache/e1/ea/e1ea6cb36e62ae6dc7b805f68ab9a700.jpg,https://books.toscrape.com/cataloguesaga-volume-5-saga-collected-editions-5_923/index.html
Reskilling America: Learning to ...,£19.83,https://books.toscrape.com/media/cache/97/f8/97f8debeeaaece9603267653076e760f.jpg,https://books.toscrape.com/cataloguereskilling-america-learning-to-labor-in-the-twenty-first-century_922/index.html
"Rat Queens, Vol. 3: ...",£50.40,https://books.toscrape.com/media/cache/f3/ef/f3efd43ae0fa85d9b325d5e8783e7af5.jpg,https://books.toscrape.com/cataloguerat-queens-vol-3-demons-rat-queens-collected-editions-11-15_921/index.html
